﻿<?xml version="1.0" encoding="UTF-8" standalone="yes"?>
<addon id="repository.vaz" name="Vaz repository" version="0.0.2" provider-name="Quick190">
	<extension point="xbmc.addon.repository" name="Tutorial Add-on Repository">
		<info compressed="false">http://raw.github.com/Quick190/repository.vaz/master/addons.xml</info>
		<checksum>http://raw.github.com/Quick190/repository.vaz/master/addons.xml.md5</checksum>
		<datadir zip="true">http://raw.github.com/Quick190/repository.vaz/master/repo/</datadir>
	</extension>
	<extension point="xbmc.addon.metadata">
		<summary>Tutorial Addon</summary>
		<description>Addon Description</description>
		<disclaimer></disclaimer>
		<platform>all</platform>
	</extension>
</addon>